Model,Accuracy,Precision,Recall,F1-Score
Weighted Ensemble,0.9661,0.9661067305811896,0.9661,0.9660998776205583
Random Forest,0.9657,0.9646777090401117,0.9668,0.9657376885426031
Logistic Regression,0.9651,0.9685673987507556,0.9614,0.9649703904446453
Support Vector,0.9649,0.9655517724814741,0.9642,0.9648754127889523
