Model,Accuracy,Precision,Recall,F1-Score
LightGBM,0.9392,0.9381484437350359,0.9404,0.9392728725529366
XGBoost,0.9302,0.9288277511961722,0.9318,0.930311501597444
AdaBoost,0.8837,0.88057925014878,0.8878,0.8841748829797829
