method,auc,accuracy,precision,recall,f1,fpr,fnr,specificity,mcc,pr_auc,n_samples,dataset
textual,0.9654,0.9325,0.9528795811518325,0.91,0.9309462915601024,0.045,0.09,0.955,0.8658771448888304,0.9622952692720067,400,original
heuristic,0.98495,0.935,0.9438775510204082,0.925,0.9343434343434343,0.055,0.075,0.945,0.8701740522174062,0.9854684757374914,400,original
fusion,0.99285,0.9475,0.9637305699481865,0.93,0.9465648854961832,0.035,0.07,0.965,0.8955486916619573,0.9935043554914637,400,original
textual,0.942225,0.8825,0.9473684210526315,0.81,0.8733153638814016,0.045,0.19,0.955,0.773171139311482,0.9386761244143125,400,synthesized
heuristic,0.98915,0.9375,0.9441624365482234,0.93,0.9370277078085644,0.055,0.07,0.945,0.8750984541144433,0.989107370703871,400,synthesized
fusion,0.99195,0.93,0.9623655913978495,0.895,0.927461139896373,0.035,0.105,0.965,0.8621147749793321,0.9918953468932006,400,synthesized
