Model,Accuracy,Precision,Recall,F1-Score
DistilBERT,0.968,0.9593639575971732,0.9774,0.9682979988111751
TinyBERT,0.9653,0.9591474245115453,0.972,0.9655309426840172
FastText,0.9564,0.9524187153053132,0.9608,0.9565909996017522
